transpose_array_ap_fixed_4u_array_ap_fixed_12_6_5_3_0_256u_config2_U0.grp_transpose_array_array_ap_fixed_256u_config2_Pipeline_VITIS_LOOP_16_1_fu_4124,VITIS_LOOP_16_1,upc_loop_status1.csv
transpose_array_ap_fixed_4u_array_ap_fixed_12_6_5_3_0_256u_config2_U0.grp_transpose_array_array_ap_fixed_256u_config2_Pipeline_VITIS_LOOP_25_3_fu_5154,VITIS_LOOP_25_3,upc_loop_status2.csv
repack_stream_array_ap_fixed_256u_array_ap_fixed_12_6_5_3_0_1u_1024_U0,VITIS_LOOP_245_3,seq_loop_status1.csv
repack_stream_array_ap_fixed_256u_array_ap_fixed_12_6_5_3_0_1u_1024_U0.grp_repack_stream_array_array_ap_fixed_1u_1024_Pipeline_VITIS_LOOP_254_4_fu_3639,VITIS_LOOP_254_4,upc_loop_status3.csv
conv_2d_cl_array_ap_fixed_1u_array_ap_fixed_17_9_5_3_0_7u_config4_U0,ReadInputHeight_ReadInputWidth,upc_loop_status4.csv
relu_array_ap_fixed_7u_array_ap_fixed_16_6_5_3_0_7u_relu_config5_U0,ReLUActLoop,upc_loop_status5.csv
pooling2d_cl_array_ap_fixed_7u_array_ap_fixed_16_6_5_3_0_7u_config6_U0,ReadInputHeight_ReadInputWidth,upc_loop_status6.csv
repack_stream_array_ap_fixed_7u_array_ap_fixed_16_6_5_3_0_42u_1176_U0,VITIS_LOOP_269_6,upc_loop_status7.csv
repack_stream_array_ap_fixed_42u_array_ap_fixed_16_6_5_3_0_42u_1176_U0,VITIS_LOOP_229_1,upc_loop_status8.csv
dense_array_ap_fixed_42u_array_ap_fixed_17_9_5_3_0_1u_config10_U0.grp_dense_array_array_ap_fixed_17_9_5_3_0_1u_config10_Pipeline_DataPrepare_fu_4685,DataPrepare,upc_loop_status9.csv
